{
  "sharpe": 0.05840775221404013,
  "sortino": 0.09424319875402902,
  "max_drawdown": 2.0173741942284582e-05,
  "hit_rate": 0.42105263157894735,
  "avg_profit_per_trade": 1.5756746960329982e-06,
  "max_earning_rate": 0.0019349271560902708,
  "turnover": 7294.780952072794,
  "total_return": 9.034608038025818e-06
}