{
  "sharpe": -0.936891612366889,
  "sortino": 0.0,
  "max_drawdown": 0.051496678452091896,
  "hit_rate": 0.43105756358768405,
  "avg_profit_per_trade": -0.0085300003621483,
  "max_earning_rate": 0.5710025970870396,
  "turnover": 1949.7688605969006,
  "total_return": -0.004495321657826962
}