{
  "sharpe": 0.19221096714791464,
  "sortino": 0.2944681819567534,
  "max_drawdown": 1.925944149149701e-05,
  "hit_rate": 0.5087719298245614,
  "avg_profit_per_trade": 4.6270582177512865e-06,
  "max_earning_rate": 0.0015414169711293654,
  "turnover": 7780.593849699823,
  "total_return": 6.978926766081643e-06
}